experiment,train_dataset,val_f1,in_domain_test_dataset,in_domain_test_f1,in_domain_sarcasm_precision,in_domain_sarcasm_recall,cross_domain_test_dataset,cross_domain_test_f1,cross_domain_sarcasm_precision,cross_domain_sarcasm_recall
reddit_context_emoji,reddit,0.7503526093088858,reddit,0.734225621414914,0.7032967032967034,0.768,twitter,0.4046242774566474,0.40229885057471265,0.4069767441860465
reddit_context_no_emoji,reddit,0.7468531468531469,reddit,0.735266604303087,0.6906854130052724,0.786,twitter,0.35233160621761656,0.3177570093457944,0.3953488372093023
reddit_no_context_emoji,reddit,0.7455197132616488,reddit,0.7439525330899133,0.6842989084802686,0.815,twitter,0.375,0.319672131147541,0.45348837209302323
reddit_no_context_no_emoji,reddit,0.7361797752808988,reddit,0.7294535761883607,0.6562749800159872,0.821,twitter,0.4291845493562232,0.3401360544217687,0.5813953488372093
twitter_no_context_emoji,twitter,0.4519774011299435,twitter,0.4782608695652174,0.4489795918367347,0.5116279069767442,reddit,0.5582599689280165,0.5789473684210527,0.539
twitter_no_context_no_emoji,twitter,0.4371584699453552,twitter,0.4126984126984127,0.3786407766990291,0.45348837209302323,reddit,0.5598771750255885,0.5733752620545073,0.547
